-- Adminer 4.8.1 MySQL 5.5.5-10.11.7-MariaDB-1:10.11.7+maria~ubu2204 dump

SET NAMES utf8;
SET time_zone = '+00:00';
SET foreign_key_checks = 0;
SET sql_mode = 'NO_AUTO_VALUE_ON_ZERO';

SET NAMES utf8mb4;

DROP TABLE IF EXISTS `cabinets`;
CREATE TABLE `cabinets` (
  `id` int(11) NOT NULL AUTO_INCREMENT,
  `name` varchar(255) NOT NULL,
  PRIMARY KEY (`id`)
) ENGINE=InnoDB DEFAULT CHARSET=utf8mb4 COLLATE=utf8mb4_general_ci;

INSERT INTO `cabinets` (`id`, `name`) VALUES
(1,	'p-001'),
(2,	'p-002');

DROP TABLE IF EXISTS `products`;
CREATE TABLE `products` (
  `id` int(11) NOT NULL AUTO_INCREMENT,
  `name` varchar(255) NOT NULL,
  `cabinet_id` int(11) NOT NULL,
  `shelf_id` int(11) NOT NULL,
  PRIMARY KEY (`id`),
  KEY `cabinet_id` (`cabinet_id`),
  KEY `shelf_id` (`shelf_id`),
  CONSTRAINT `products_ibfk_1` FOREIGN KEY (`cabinet_id`) REFERENCES `cabinets` (`id`),
  CONSTRAINT `products_ibfk_2` FOREIGN KEY (`shelf_id`) REFERENCES `shelves` (`id`)
) ENGINE=InnoDB DEFAULT CHARSET=utf8mb4 COLLATE=utf8mb4_general_ci;

INSERT INTO `products` (`id`, `name`, `cabinet_id`, `shelf_id`) VALUES
(1,	'Fio jumper',	1,	1),
(2,	'Terminais Y/U',	1,	2),
(3,	'24v p/ 12v',	1,	3),
(7,	'Ntc/Sensor 100k',	1,	4),
(8,	'Fita isolante',	1,	5),
(9,	'Tela Tft',	1,	6),
(10,	'Massa putty',	1,	7),
(11,	'Pinças',	1,	8),
(12,	'Polias Gt20',	1,	9),
(13,	'Hotend',	1,	10),
(14,	'Botões',	1,	11),
(15,	'Receptores',	1,	12),
(16,	'Inserts',	1,	13),
(17,	'Trava rosca',	1,	14),
(18,	'Guia MGN',	1,	15),
(19,	'Rolamentos',	1,	16),
(20,	'Rolamentos 2809',	1,	17),
(21,	'Fita Hellerman / Esguela gato',	1,	18),
(22,	'Fusiveis',	1,	19),
(23,	'Imas',	1,	20),
(24,	'Flat cables',	1,	21),
(25,	'Oculos',	1,	22),
(26,	'Diversos',	1,	88),
(27,	'Empty SD | Jumper Pin | Hub expansion',	1,	89),
(28,	'Wago | Usb Utils',	1,	90),
(29,	'Termo retratil | Fita crepe',	1,	91),
(30,	'Conector espada',	2,	67),
(31,	'Colas',	2,	61),
(32,	'Soldas',	2,	62),
(33,	'Belts',	2,	63),
(34,	'Drag chain',	2,	64),
(35,	'Stepper motor',	2,	65),
(36,	'Cooler | Fan',	2,	66),
(37,	'Label printer',	2,	68),
(38,	'Label printer',	2,	69),
(39,	'Wago',	2,	70),
(40,	'LCDs',	2,	71),
(41,	'Carregador',	2,	73),
(42,	'Cola quente',	2,	74),
(43,	'Ziplock',	2,	75),
(44,	'Aerografo',	2,	76),
(45,	'PCB 3D Printer',	2,	77),
(46,	'Grampos',	2,	78),
(47,	'Brocas',	2,	79),
(48,	'Limas',	2,	80),
(49,	'Dupla face',	2,	81),
(50,	'Rodape',	2,	82),
(51,	'Fura balsa',	2,	83),
(52,	'Machadinha',	2,	84),
(53,	'Linha costura',	2,	85),
(54,	'Raspberry PI',	2,	86),
(55,	'Cabos usb',	2,	72);

DROP TABLE IF EXISTS `shelves`;
CREATE TABLE `shelves` (
  `id` int(11) NOT NULL AUTO_INCREMENT,
  `name` varchar(255) NOT NULL,
  `cabinet_id` int(11) NOT NULL,
  `position` int(11) NOT NULL,
  PRIMARY KEY (`id`),
  KEY `cabinet_id` (`cabinet_id`),
  CONSTRAINT `shelves_ibfk_1` FOREIGN KEY (`cabinet_id`) REFERENCES `cabinets` (`id`)
) ENGINE=InnoDB DEFAULT CHARSET=utf8mb4 COLLATE=utf8mb4_general_ci;

INSERT INTO `shelves` (`id`, `name`, `cabinet_id`, `position`) VALUES
(1,	'L1',	1,	1),
(2,	'L1',	1,	2),
(3,	'L1',	1,	3),
(4,	'L1',	1,	4),
(5,	'L1',	1,	5),
(6,	'L2',	1,	1),
(7,	'L2',	1,	2),
(8,	'L2',	1,	3),
(9,	'L2',	1,	4),
(10,	'L2',	1,	5),
(11,	'L3',	1,	1),
(12,	'L3',	1,	2),
(13,	'L3',	1,	3),
(14,	'L3',	1,	4),
(15,	'L3',	1,	5),
(16,	'L4',	1,	1),
(17,	'L4',	1,	2),
(18,	'L4',	1,	3),
(19,	'L4',	1,	4),
(20,	'L4',	1,	5),
(21,	'L5',	1,	1),
(22,	'L5',	1,	2),
(23,	'L5',	1,	3),
(24,	'L5',	1,	4),
(25,	'L5',	1,	5),
(26,	'L6',	1,	1),
(27,	'L6',	1,	2),
(28,	'L6',	1,	3),
(29,	'L6',	1,	4),
(30,	'L6',	1,	5),
(31,	'L7',	1,	1),
(32,	'L7',	1,	2),
(33,	'L7',	1,	3),
(34,	'L7',	1,	4),
(35,	'L7',	1,	5),
(36,	'L8',	1,	1),
(37,	'L8',	1,	2),
(38,	'L8',	1,	3),
(39,	'L8',	1,	4),
(40,	'L8',	1,	5),
(41,	'L9',	1,	1),
(42,	'L9',	1,	2),
(43,	'L9',	1,	3),
(44,	'L9',	1,	4),
(45,	'L9',	1,	5),
(46,	'L10',	1,	1),
(47,	'L10',	1,	2),
(48,	'L10',	1,	3),
(49,	'L10',	1,	4),
(50,	'L10',	1,	5),
(51,	'L11',	1,	1),
(52,	'L11',	1,	2),
(53,	'L11',	1,	3),
(54,	'L11',	1,	4),
(55,	'L11',	1,	5),
(56,	'L12',	1,	1),
(57,	'L12',	1,	2),
(58,	'L12',	1,	3),
(59,	'L12',	1,	4),
(60,	'L12',	1,	5),
(61,	'L1',	2,	1),
(62,	'L1',	2,	2),
(63,	'L1',	2,	3),
(64,	'L2',	2,	1),
(65,	'L2',	2,	2),
(66,	'L2',	2,	3),
(67,	'L3',	2,	1),
(68,	'L3',	2,	2),
(69,	'L3',	2,	3),
(70,	'L4',	2,	1),
(71,	'L4',	2,	2),
(72,	'L4',	2,	3),
(73,	'L5',	2,	1),
(74,	'L5',	2,	2),
(75,	'L5',	2,	3),
(76,	'L6',	2,	1),
(77,	'L6',	2,	2),
(78,	'L6',	2,	3),
(79,	'L7',	2,	1),
(80,	'L7',	2,	2),
(81,	'L7',	2,	3),
(82,	'L8',	2,	1),
(83,	'L8',	2,	2),
(84,	'L8',	2,	3),
(85,	'L9',	2,	1),
(86,	'L9',	2,	2),
(87,	'L9',	2,	3),
(88,	'T1',	1,	0),
(89,	'T2',	1,	0),
(90,	'T3',	1,	0),
(91,	'T4',	1,	0),
(92,	'T1',	2,	0),
(93,	'T2',	2,	0),
(94,	'T3',	2,	0),
(95,	'T4',	2,	0);

-- 2024-05-24 16:34:14
